Model,Type,RMSE,MAE,R2
Random Forest,Task 4 Ensemble,28.010634210666748,19.20694476409666,0.9752223136927812
Gradient Boosting,Task 4 Ensemble,43.63413023633936,31.942649226707918,0.9398732799883196
Decision Tree,Task 2 Single Model,58.24863377942147,34.1800920598389,0.8928514365053305
Linear Regression,Task 2 Single Model,139.21145199893476,104.8033508955442,0.38798115831391344
